Player,Player_img,Team,Number,Position,Height_inches,Weight_lbs,Last_Attended,Country
Precious Achiuwa,https://cdn.nba.com/headshots/nba/latest/260x190/1630173.png,NYK,5.0,Forward,80,243,Memphis,Nigeria
Steven Adams,https://cdn.nba.com/headshots/nba/latest/260x190/203500.png,HOU,12.0,Center,83,265,Pittsburgh,New Zealand
Bam Adebayo,https://cdn.nba.com/headshots/nba/latest/260x190/1628389.png,MIA,13.0,Center-Forward,81,255,Kentucky,USA
Ochai Agbaji,https://cdn.nba.com/headshots/nba/latest/260x190/1630534.png,TOR,30.0,Guard,77,215,Kansas,USA
Santi Aldama,https://cdn.nba.com/headshots/nba/latest/260x190/1630583.png,MEM,7.0,Forward-Center,84,215,Loyola-Maryland,Spain
Trey Alexander,https://cdn.nba.com/headshots/nba/latest/260x190/1641725.png,DEN,23.0,Guard,76,185,Creighton,USA
Nickeil Alexander-Walker,https://cdn.nba.com/headshots/nba/latest/260x190/1629638.png,MIN,9.0,Guard,77,205,Virginia Tech,Canada
Grayson Allen,https://cdn.nba.com/headshots/nba/latest/260x190/1628960.png,PHX,8.0,Guard,76,198,Duke,USA
Jarrett Allen,https://cdn.nba.com/headshots/nba/latest/260x190/1628386.png,CLE,31.0,Center,81,243,Texas,USA
Jose Alvarado,https://cdn.nba.com/headshots/nba/latest/260x190/1630631.png,NOP,15.0,Guard,72,179,Georgia Tech,USA
Kyle Anderson,https://cdn.nba.com/headshots/nba/latest/260x190/203937.png,GSW,1.0,Forward-Guard,81,230,UCLA,USA
Giannis Antetokounmpo,https://cdn.nba.com/headshots/nba/latest/260x190/203507.png,MIL,34.0,Forward,83,243,Filathlitikos,Greece
Cole Anthony,https://cdn.nba.com/headshots/nba/latest/260x190/1630175.png,ORL,50.0,Guard,74,185,North Carolina,USA
OG Anunoby,https://cdn.nba.com/headshots/nba/latest/260x190/1628384.png,NYK,8.0,Forward-Guard,79,240,Indiana,United Kingdom
Deni Avdija,https://cdn.nba.com/headshots/nba/latest/260x190/1630166.png,POR,8.0,Forward,81,240,Maccabi Tel Aviv,Israel
Deandre Ayton,https://cdn.nba.com/headshots/nba/latest/260x190/1629028.png,POR,2.0,Center,84,252,Arizona,Bahamas
Marvin Bagley III,https://cdn.nba.com/headshots/nba/latest/260x190/1628963.png,WAS,35.0,Forward,82,235,Duke,USA
Patrick Baldwin Jr.,https://cdn.nba.com/headshots/nba/latest/260x190/1631116.png,WAS,7.0,Forward,81,220,Wisconsin-Milwaukee,USA
LaMelo Ball,https://cdn.nba.com/headshots/nba/latest/260x190/1630163.png,CHA,1.0,Guard,79,180,Illawarra,USA
Lonzo Ball,https://cdn.nba.com/headshots/nba/latest/260x190/1628366.png,CHI,2.0,Guard,78,190,UCLA,USA
Mo Bamba,https://cdn.nba.com/headshots/nba/latest/260x190/1628964.png,LAC,4.0,Center,84,231,Texas,USA
Paolo Banchero,https://cdn.nba.com/headshots/nba/latest/260x190/1631094.png,ORL,5.0,Forward,82,250,Duke,USA
Desmond Bane,https://cdn.nba.com/headshots/nba/latest/260x190/1630217.png,MEM,22.0,Guard,77,215,TCU,USA
Dalano Banton,https://cdn.nba.com/headshots/nba/latest/260x190/1630625.png,POR,5.0,Forward,80,203,Nebraska,Canada
Dominick Barlow,https://cdn.nba.com/headshots/nba/latest/260x190/1631230.png,ATL,26.0,Forward,80,215,Overtime Elite,USA
Harrison Barnes,https://cdn.nba.com/headshots/nba/latest/260x190/203084.png,SAS,40.0,Forward,80,225,North Carolina,USA
Scottie Barnes,https://cdn.nba.com/headshots/nba/latest/260x190/1630567.png,TOR,4.0,Forward-Guard,79,237,Florida State,USA
RJ Barrett,https://cdn.nba.com/headshots/nba/latest/260x190/1629628.png,TOR,9.0,Forward-Guard,78,214,Duke,Canada
Charles Bassey,https://cdn.nba.com/headshots/nba/latest/260x190/1629646.png,SAS,28.0,Center-Forward,82,230,Western Kentucky,Nigeria
Emoni Bates,https://cdn.nba.com/headshots/nba/latest/260x190/1641734.png,CLE,21.0,Forward,80,170,Eastern Michigan,USA
Jamison Battle,https://cdn.nba.com/headshots/nba/latest/260x190/1642419.png,TOR,77.0,Forward,79,220,Ohio State,USA
Nicolas Batum,https://cdn.nba.com/headshots/nba/latest/260x190/201587.png,LAC,33.0,Guard-Forward,80,230,Le Mans,France
Bradley Beal,https://cdn.nba.com/headshots/nba/latest/260x190/203078.png,PHX,3.0,Guard,76,207,Florida,USA
Malik Beasley,https://cdn.nba.com/headshots/nba/latest/260x190/1627736.png,DET,5.0,Guard,76,187,Florida State,USA
MarJon Beauchamp,https://cdn.nba.com/headshots/nba/latest/260x190/1630699.png,MIL,3.0,Forward,79,199,NBA G League Ignite,USA
Reece Beekman,https://cdn.nba.com/headshots/nba/latest/260x190/1641736.png,BKN,4.0,Guard,75,190,Virginia,USA
Saddiq Bey,https://cdn.nba.com/headshots/nba/latest/260x190/1630180.png,WAS,14.0,Guard-Forward,79,215,Villanova,USA
Goga Bitadze,https://cdn.nba.com/headshots/nba/latest/260x190/1629048.png,ORL,35.0,Center-Forward,82,250,Mega Basket,Georgia
Anthony Black,https://cdn.nba.com/headshots/nba/latest/260x190/1641710.png,ORL,0.0,Guard,79,200,Arkansas,USA
Bogdan Bogdanović,https://cdn.nba.com/headshots/nba/latest/260x190/203992.png,ATL,13.0,Guard,77,225,Fenerbahce,Serbia
Bojan Bogdanović,https://cdn.nba.com/headshots/nba/latest/260x190/202711.png,BKN,44.0,Forward,79,226,Fenerbahce,Croatia
Bol Bol,https://cdn.nba.com/headshots/nba/latest/260x190/1629626.png,PHX,11.0,Center-Forward,87,220,Oregon,Sudan
Adem Bona,https://cdn.nba.com/headshots/nba/latest/260x190/1641737.png,PHI,30.0,Forward,82,235,UCLA,Nigeria
Devin Booker,https://cdn.nba.com/headshots/nba/latest/260x190/1626164.png,PHX,1.0,Guard,78,206,Kentucky,USA
Brandon Boston,https://cdn.nba.com/headshots/nba/latest/260x190/1630527.png,NOP,11.0,Guard,78,188,Kentucky,USA
Chris Boucher,https://cdn.nba.com/headshots/nba/latest/260x190/1628449.png,TOR,25.0,Forward,81,200,Oregon,Saint Lucia
Malaki Branham,https://cdn.nba.com/headshots/nba/latest/260x190/1631103.png,SAS,22.0,Forward,76,180,Ohio State,USA
Christian Braun,https://cdn.nba.com/headshots/nba/latest/260x190/1631128.png,DEN,0.0,Guard,78,220,Kansas,USA
Jalen Bridges,https://cdn.nba.com/headshots/nba/latest/260x190/1641779.png,PHX,15.0,Forward,80,225,Baylor,USA
Mikal Bridges,https://cdn.nba.com/headshots/nba/latest/260x190/1628969.png,NYK,25.0,Guard-Forward,78,209,Villanova,USA
Miles Bridges,https://cdn.nba.com/headshots/nba/latest/260x190/1628970.png,CHA,0.0,Forward,79,225,Michigan State,USA
Malcolm Brogdon,https://cdn.nba.com/headshots/nba/latest/260x190/1627763.png,WAS,15.0,Guard,76,229,Virginia,USA
Dillon Brooks,https://cdn.nba.com/headshots/nba/latest/260x190/1628415.png,HOU,9.0,Guard-Forward,78,225,Oregon,Canada
Bruce Brown,https://cdn.nba.com/headshots/nba/latest/260x190/1628971.png,TOR,11.0,Guard-Forward,76,202,Miami,USA
Jaylen Brown,https://cdn.nba.com/headshots/nba/latest/260x190/1627759.png,BOS,7.0,Guard-Forward,78,223,California,USA
Kobe Brown,https://cdn.nba.com/headshots/nba/latest/260x190/1641738.png,LAC,21.0,Forward,79,250,Missouri,USA
Moses Brown,https://cdn.nba.com/headshots/nba/latest/260x190/1629650.png,,,Center,86,258,UCLA,USA
Jalen Brunson,https://cdn.nba.com/headshots/nba/latest/260x190/1628973.png,NYK,11.0,Guard,74,190,Villanova,USA
Thomas Bryant,https://cdn.nba.com/headshots/nba/latest/260x190/1628418.png,IND,3.0,Center-Forward,82,248,Indiana,USA
Kobe Bufkin,https://cdn.nba.com/headshots/nba/latest/260x190/1641723.png,ATL,4.0,Guard,76,195,Michigan,USA
Alec Burks,https://cdn.nba.com/headshots/nba/latest/260x190/202692.png,MIA,18.0,Guard,77,214,Colorado,USA
Jared Butler,https://cdn.nba.com/headshots/nba/latest/260x190/1630215.png,WAS,4.0,Guard,75,193,Baylor,USA
Jimmy Butler,https://cdn.nba.com/headshots/nba/latest/260x190/202710.png,MIA,22.0,Forward,79,230,Marquette,USA
Matas Buzelis,https://cdn.nba.com/headshots/nba/latest/260x190/1641824.png,CHI,14.0,Forward,82,209,NBA G League Ignite,USA
Jamal Cain,https://cdn.nba.com/headshots/nba/latest/260x190/1631288.png,NOP,8.0,Forward,78,191,Oakland,USA
Kentavious Caldwell-Pope,https://cdn.nba.com/headshots/nba/latest/260x190/203484.png,ORL,3.0,Guard,77,204,Georgia,USA
Toumani Camara,https://cdn.nba.com/headshots/nba/latest/260x190/1641739.png,POR,33.0,Forward,79,229,Dayton,Belgium
Vlatko Čančar,https://cdn.nba.com/headshots/nba/latest/260x190/1628427.png,DEN,31.0,Forward,80,236,San Pablo Burgos,Slovenia
Clint Capela,https://cdn.nba.com/headshots/nba/latest/260x190/203991.png,ATL,15.0,Center,82,256,Elan Chalon,Switzerland
Branden Carlson,https://cdn.nba.com/headshots/nba/latest/260x190/1642382.png,OKC,15.0,Center,84,220,Utah,USA
Carlton Carrington,https://cdn.nba.com/headshots/nba/latest/260x190/1642267.png,WAS,8.0,Guard,76,190,Pittsburgh,USA
Devin Carter,https://cdn.nba.com/headshots/nba/latest/260x190/1642269.png,SAC,22.0,Guard,74,195,Providence,USA
Jevon Carter,https://cdn.nba.com/headshots/nba/latest/260x190/1628975.png,CHI,5.0,Guard,73,200,West Virginia,USA
Wendell Carter Jr.,https://cdn.nba.com/headshots/nba/latest/260x190/1628976.png,ORL,34.0,Center-Forward,82,270,Duke,USA
D.J. Carton,https://cdn.nba.com/headshots/nba/latest/260x190/1630618.png,,,Guard,75,200,Marquette,USA
Alex Caruso,https://cdn.nba.com/headshots/nba/latest/260x190/1627936.png,OKC,9.0,Guard,77,186,Texas A&M,USA
Stephon Castle,https://cdn.nba.com/headshots/nba/latest/260x190/1642264.png,SAS,5.0,Guard,78,215,Connecticut,USA
Colin Castleton,https://cdn.nba.com/headshots/nba/latest/260x190/1630658.png,MEM,8.0,Center,82,250,Florida,USA
Julian Champagnie,https://cdn.nba.com/headshots/nba/latest/260x190/1630577.png,SAS,30.0,Forward,79,217,St. John's,USA
Justin Champagnie,https://cdn.nba.com/headshots/nba/latest/260x190/1630551.png,WAS,9.0,Guard-Forward,78,206,Pittsburgh,USA
Ulrich Chomche,https://cdn.nba.com/headshots/nba/latest/260x190/1642279.png,TOR,22.0,Center,83,235,NBA Global Academy,Cameroon
Cam Christie,https://cdn.nba.com/headshots/nba/latest/260x190/1642353.png,LAC,12.0,Guard,78,190,Minnesota,USA
Max Christie,https://cdn.nba.com/headshots/nba/latest/260x190/1631108.png,LAL,12.0,Guard,77,190,Michigan State,USA
Josh Christopher,https://cdn.nba.com/headshots/nba/latest/260x190/1630528.png,MIA,8.0,Guard,76,215,Arizona State,USA
Sidy Cissoko,https://cdn.nba.com/headshots/nba/latest/260x190/1631321.png,SAS,25.0,Guard,78,200,NBA G League Ignite,France
Jaylen Clark,https://cdn.nba.com/headshots/nba/latest/260x190/1641740.png,MIN,22.0,Guard,76,205,UCLA,USA
Brandon Clarke,https://cdn.nba.com/headshots/nba/latest/260x190/1629634.png,MEM,15.0,Forward,80,215,Gonzaga,Canada
Jordan Clarkson,https://cdn.nba.com/headshots/nba/latest/260x190/203903.png,UTA,0.0,Guard,75,194,Missouri,USA
Nic Claxton,https://cdn.nba.com/headshots/nba/latest/260x190/1629651.png,BKN,33.0,Center,83,215,Georgia,USA
Donovan Clingan,https://cdn.nba.com/headshots/nba/latest/260x190/1642270.png,POR,23.0,Center,86,280,Connecticut,USA
Noah Clowney,https://cdn.nba.com/headshots/nba/latest/260x190/1641730.png,BKN,21.0,Forward-Center,81,210,Alabama,USA
Amir Coffey,https://cdn.nba.com/headshots/nba/latest/260x190/1629599.png,LAC,7.0,Guard-Forward,79,210,Minnesota,USA
Isaiah Collier,https://cdn.nba.com/headshots/nba/latest/260x190/1642268.png,UTA,13.0,Guard,75,210,Southern California,USA
John Collins,https://cdn.nba.com/headshots/nba/latest/260x190/1628381.png,UTA,20.0,Forward-Center,81,226,Wake Forest,USA
Zach Collins,https://cdn.nba.com/headshots/nba/latest/260x190/1628380.png,SAS,23.0,Forward-Center,83,250,Gonzaga,USA
Mike Conley,https://cdn.nba.com/headshots/nba/latest/260x190/201144.png,MIN,10.0,Guard,72,175,Ohio State,USA
Pat Connaughton,https://cdn.nba.com/headshots/nba/latest/260x190/1626192.png,MIL,24.0,Guard,77,209,Notre Dame,USA
Bilal Coulibaly,https://cdn.nba.com/headshots/nba/latest/260x190/1641731.png,WAS,0.0,Guard,80,195,Metropolitans 92,France
Ricky Council IV,https://cdn.nba.com/headshots/nba/latest/260x190/1641741.png,PHI,14.0,Guard,78,207,Arkansas,USA
Torrey Craig,https://cdn.nba.com/headshots/nba/latest/260x190/1628470.png,CHI,13.0,Forward,77,221,South Carolina Upstate,USA
Isaiah Crawford,https://cdn.nba.com/headshots/nba/latest/260x190/1642384.png,SAC,24.0,Forward,78,220,Louisiana Tech,USA
Jae Crowder,https://cdn.nba.com/headshots/nba/latest/260x190/203109.png,SAC,99.0,Forward,78,235,Marquette,USA
Cade Cunningham,https://cdn.nba.com/headshots/nba/latest/260x190/1630595.png,DET,2.0,Guard,78,220,Oklahoma State,USA
Seth Curry,https://cdn.nba.com/headshots/nba/latest/260x190/203552.png,CHA,30.0,Guard,73,185,Duke,USA
Stephen Curry,https://cdn.nba.com/headshots/nba/latest/260x190/201939.png,GSW,30.0,Guard,74,185,Davidson,USA
Tristan da Silva,https://cdn.nba.com/headshots/nba/latest/260x190/1641783.png,ORL,23.0,Forward,80,217,Colorado,Germany
Pacome Dadiet,https://cdn.nba.com/headshots/nba/latest/260x190/1642359.png,NYK,4.0,Forward,80,210,Ratiopharm Ulm,France
Dyson Daniels,https://cdn.nba.com/headshots/nba/latest/260x190/1630700.png,ATL,5.0,Guard,79,199,NBA G League Ignite,Australia
N'Faly Dante,https://cdn.nba.com/headshots/nba/latest/260x190/1642368.png,HOU,3.0,Center,83,230,Oregon,Mali
Anthony Davis,https://cdn.nba.com/headshots/nba/latest/260x190/203076.png,LAL,3.0,Forward-Center,82,253,Kentucky,USA
Johnny Davis,https://cdn.nba.com/headshots/nba/latest/260x190/1631098.png,WAS,1.0,Guard,76,195,Wisconsin,USA
JD Davison,https://cdn.nba.com/headshots/nba/latest/260x190/1631120.png,BOS,20.0,Guard,73,195,Alabama,USA
DeMar DeRozan,https://cdn.nba.com/headshots/nba/latest/260x190/201942.png,SAC,10.0,Guard-Forward,78,220,Southern California,USA
Moussa Diabate,https://cdn.nba.com/headshots/nba/latest/260x190/1631217.png,CHA,14.0,Forward,81,210,Michigan,France
Gradey Dick,https://cdn.nba.com/headshots/nba/latest/260x190/1641711.png,TOR,1.0,Guard-Forward,78,200,Kansas,USA
Ousmane Dieng,https://cdn.nba.com/headshots/nba/latest/260x190/1631172.png,OKC,13.0,Forward,81,185,New Zealand Breakers,France
Rob Dillingham,https://cdn.nba.com/headshots/nba/latest/260x190/1642265.png,MIN,4.0,Guard,75,175,Kentucky,USA
Spencer Dinwiddie,https://cdn.nba.com/headshots/nba/latest/260x190/203915.png,DAL,26.0,Guard,77,215,Colorado,USA
Donte DiVincenzo,https://cdn.nba.com/headshots/nba/latest/260x190/1628978.png,MIN,0.0,Guard,76,203,Villanova,USA
Luka Dončić,https://cdn.nba.com/headshots/nba/latest/260x190/1629029.png,DAL,77.0,Forward-Guard,78,230,Real Madrid,Slovenia
Luguentz Dort,https://cdn.nba.com/headshots/nba/latest/260x190/1629652.png,OKC,5.0,Guard,76,220,Arizona State,Canada
Ayo Dosunmu,https://cdn.nba.com/headshots/nba/latest/260x190/1630245.png,CHI,11.0,Guard,77,200,Illinois,USA
Jeff Dowtin Jr.,https://cdn.nba.com/headshots/nba/latest/260x190/1630288.png,PHI,11.0,Guard,75,177,Rhode Island,USA
PJ Dozier,https://cdn.nba.com/headshots/nba/latest/260x190/1628408.png,,,Guard-Forward,78,205,South Carolina,USA
Andre Drummond,https://cdn.nba.com/headshots/nba/latest/260x190/203083.png,PHI,5.0,Center,83,279,Connecticut,USA
Chris Duarte,https://cdn.nba.com/headshots/nba/latest/260x190/1630537.png,CHI,27.0,Guard,77,190,Oregon,Dominican Republic
Alex Ducas,https://cdn.nba.com/headshots/nba/latest/260x190/1642505.png,OKC,88.0,Guard,79,220,Mount Saint Mary's,Australia
David Duke Jr.,https://cdn.nba.com/headshots/nba/latest/260x190/1630561.png,SAS,7.0,Guard,76,204,Providence,USA
Kris Dunn,https://cdn.nba.com/headshots/nba/latest/260x190/1627739.png,LAC,8.0,Guard,75,205,Providence,USA
Ryan Dunn,https://cdn.nba.com/headshots/nba/latest/260x190/1642346.png,PHX,0.0,Forward,80,216,Virginia,USA
Kevin Durant,https://cdn.nba.com/headshots/nba/latest/260x190/201142.png,PHX,35.0,Forward,83,240,Texas,USA
Jalen Duren,https://cdn.nba.com/headshots/nba/latest/260x190/1631105.png,DET,0.0,Center,82,250,Memphis,USA
Tari Eason,https://cdn.nba.com/headshots/nba/latest/260x190/1631106.png,HOU,17.0,Forward,80,215,Louisiana State,USA
Zach Edey,https://cdn.nba.com/headshots/nba/latest/260x190/1641744.png,MEM,14.0,Center,88,305,Purdue,Canada
Anthony Edwards,https://cdn.nba.com/headshots/nba/latest/260x190/1630162.png,MIN,5.0,Guard,76,225,Georgia,USA
Jesse Edwards,https://cdn.nba.com/headshots/nba/latest/260x190/1642399.png,MIN,14.0,Center,84,236,West Virginia,Netherlands
Justin Edwards,https://cdn.nba.com/headshots/nba/latest/260x190/1642348.png,PHI,19.0,Forward,79,203,Kentucky,USA
Kessler Edwards,https://cdn.nba.com/headshots/nba/latest/260x190/1630556.png,DAL,20.0,Forward,79,203,Pepperdine,USA
Keon Ellis,https://cdn.nba.com/headshots/nba/latest/260x190/1631165.png,SAC,23.0,Guard,76,175,Alabama,USA
Joel Embiid,https://cdn.nba.com/headshots/nba/latest/260x190/203954.png,PHI,21.0,Center-Forward,84,280,Kansas,Cameroon
Drew Eubanks,https://cdn.nba.com/headshots/nba/latest/260x190/1629234.png,UTA,15.0,Forward-Center,82,245,Oregon State,USA
Tosan Evbuomwan,https://cdn.nba.com/headshots/nba/latest/260x190/1641787.png,BKN,20.0,Forward,79,217,Princeton,United Kingdom
Danté Exum,https://cdn.nba.com/headshots/nba/latest/260x190/203957.png,DAL,0.0,Guard,77,214,Australian Institute of Sport,Australia
Bruno Fernando,https://cdn.nba.com/headshots/nba/latest/260x190/1628981.png,TOR,24.0,Forward-Center,81,240,Maryland,Angola
Kyle Filipowski,https://cdn.nba.com/headshots/nba/latest/260x190/1642271.png,UTA,22.0,Center,83,250,Duke,USA
Dorian Finney-Smith,https://cdn.nba.com/headshots/nba/latest/260x190/1627827.png,LAL,28.0,Forward,79,220,Florida,USA
Adam Flagler,https://cdn.nba.com/headshots/nba/latest/260x190/1641745.png,OKC,14.0,Guard,75,180,Baylor,USA
Trentyn Flowers,https://cdn.nba.com/headshots/nba/latest/260x190/1642280.png,LAC,9.0,Forward,81,185,Adelaide,USA
Simone Fontecchio,https://cdn.nba.com/headshots/nba/latest/260x190/1631323.png,DET,19.0,Forward,79,209,Baskonia,Italy
De'Aaron Fox,https://cdn.nba.com/headshots/nba/latest/260x190/1628368.png,SAC,5.0,Guard,75,185,Kentucky,USA
Enrique Freeman,https://cdn.nba.com/headshots/nba/latest/260x190/1642402.png,IND,8.0,Forward,79,206,Akron,USA
Johnny Furphy,https://cdn.nba.com/headshots/nba/latest/260x190/1642277.png,IND,12.0,Guard,81,200,Kansas,Australia
Daniel Gafford,https://cdn.nba.com/headshots/nba/latest/260x190/1629655.png,DAL,21.0,Forward-Center,82,265,Arkansas,USA
Darius Garland,https://cdn.nba.com/headshots/nba/latest/260x190/1629636.png,CLE,10.0,Guard,73,192,Vanderbilt,USA
Luka Garza,https://cdn.nba.com/headshots/nba/latest/260x190/1630568.png,MIN,55.0,Center,82,243,Iowa,USA
Keyonte George,https://cdn.nba.com/headshots/nba/latest/260x190/1641718.png,UTA,3.0,Guard,76,185,Baylor,USA
Kyshawn George,https://cdn.nba.com/headshots/nba/latest/260x190/1642273.png,WAS,18.0,Forward,80,200,Miami,Switzerland
Paul George,https://cdn.nba.com/headshots/nba/latest/260x190/202331.png,PHI,8.0,Forward,80,220,Fresno State,USA
Taj Gibson,https://cdn.nba.com/headshots/nba/latest/260x190/201959.png,CHA,67.0,Forward,81,232,Southern California,USA
Josh Giddey,https://cdn.nba.com/headshots/nba/latest/260x190/1630581.png,CHI,3.0,Guard,80,216,NBA Global Academy,Australia
Shai Gilgeous-Alexander,https://cdn.nba.com/headshots/nba/latest/260x190/1628983.png,OKC,2.0,Guard,78,195,Kentucky,Canada
Anthony Gill,https://cdn.nba.com/headshots/nba/latest/260x190/1630264.png,WAS,16.0,Forward,80,230,Virginia,USA
Collin Gillespie,https://cdn.nba.com/headshots/nba/latest/260x190/1631221.png,PHX,12.0,Guard,73,195,Villanova,USA
Rudy Gobert,https://cdn.nba.com/headshots/nba/latest/260x190/203497.png,MIN,27.0,Center,85,258,Cholet,France
Aaron Gordon,https://cdn.nba.com/headshots/nba/latest/260x190/203932.png,DEN,32.0,Forward,80,235,Arizona,USA
Eric Gordon,https://cdn.nba.com/headshots/nba/latest/260x190/201569.png,PHI,23.0,Guard,75,215,Indiana,USA
Jazian Gortman,https://cdn.nba.com/headshots/nba/latest/260x190/1641789.png,DAL,0.0,Guard,74,184,Overtime Elite,USA
Jerami Grant,https://cdn.nba.com/headshots/nba/latest/260x190/203924.png,POR,9.0,Forward,79,210,Syracuse,USA
AJ Green,https://cdn.nba.com/headshots/nba/latest/260x190/1631260.png,MIL,20.0,Guard,76,190,Northern Iowa,USA
Draymond Green,https://cdn.nba.com/headshots/nba/latest/260x190/203110.png,GSW,23.0,Forward,78,230,Michigan State,USA
Jalen Green,https://cdn.nba.com/headshots/nba/latest/260x190/1630224.png,HOU,4.0,Guard,76,186,NBA G League Ignite,USA
Javonte Green,https://cdn.nba.com/headshots/nba/latest/260x190/1629750.png,NOP,4.0,Guard,77,205,Radford,USA
Jeff Green,https://cdn.nba.com/headshots/nba/latest/260x190/201145.png,HOU,32.0,Forward,80,235,Georgetown,USA
Josh Green,https://cdn.nba.com/headshots/nba/latest/260x190/1630182.png,CHA,10.0,Guard,77,200,Arizona,Australia
Quentin Grimes,https://cdn.nba.com/headshots/nba/latest/260x190/1629656.png,DAL,5.0,Guard,76,210,Houston,USA
Mouhamed Gueye,https://cdn.nba.com/headshots/nba/latest/260x190/1631243.png,ATL,18.0,Forward,82,210,Washington State,Senegal
Rui Hachimura,https://cdn.nba.com/headshots/nba/latest/260x190/1629060.png,LAL,28.0,Forward,80,230,Gonzaga,Japan
Tyrese Haliburton,https://cdn.nba.com/headshots/nba/latest/260x190/1630169.png,IND,0.0,Guard,77,185,Iowa State,USA
PJ Hall,https://cdn.nba.com/headshots/nba/latest/260x190/1641790.png,DEN,13.0,Center,82,245,Clemson,USA
Tim Hardaway Jr.,https://cdn.nba.com/headshots/nba/latest/260x190/203501.png,DET,8.0,Guard-Forward,77,205,Michigan,USA
James Harden,https://cdn.nba.com/headshots/nba/latest/260x190/201935.png,LAC,1.0,Guard,77,220,Arizona State,USA
Jaden Hardy,https://cdn.nba.com/headshots/nba/latest/260x190/1630702.png,DAL,1.0,Guard,75,198,NBA G League Ignite,USA
Gary Harris,https://cdn.nba.com/headshots/nba/latest/260x190/203914.png,ORL,14.0,Guard,76,210,Michigan State,USA
Tobias Harris,https://cdn.nba.com/headshots/nba/latest/260x190/202699.png,DET,12.0,Forward,80,226,Tennessee,USA
Josh Hart,https://cdn.nba.com/headshots/nba/latest/260x190/1628404.png,NYK,3.0,Guard,76,215,Villanova,USA
Isaiah Hartenstein,https://cdn.nba.com/headshots/nba/latest/260x190/1628392.png,OKC,55.0,Center-Forward,84,250,Zalgiris,Germany
Sam Hauser,https://cdn.nba.com/headshots/nba/latest/260x190/1630573.png,BOS,30.0,Forward,79,217,Virginia,USA
Jordan Hawkins,https://cdn.nba.com/headshots/nba/latest/260x190/1641722.png,NOP,24.0,Guard,77,190,Connecticut,USA
Jaxson Hayes,https://cdn.nba.com/headshots/nba/latest/260x190/1629637.png,LAL,11.0,Center-Forward,84,220,Texas,USA
Scoot Henderson,https://cdn.nba.com/headshots/nba/latest/260x190/1630703.png,POR,0.0,Guard,75,206,NBA G League Ignite,USA
Taylor Hendricks,https://cdn.nba.com/headshots/nba/latest/260x190/1641707.png,UTA,0.0,Forward,81,215,Central Florida,USA
Tyler Herro,https://cdn.nba.com/headshots/nba/latest/260x190/1629639.png,MIA,14.0,Guard,77,195,Kentucky,USA
Buddy Hield,https://cdn.nba.com/headshots/nba/latest/260x190/1627741.png,GSW,7.0,Guard,76,220,Oklahoma,Bahamas
Haywood Highsmith,https://cdn.nba.com/headshots/nba/latest/260x190/1629312.png,MIA,24.0,Forward,77,220,Wheeling Jesuit,USA
Aaron Holiday,https://cdn.nba.com/headshots/nba/latest/260x190/1628988.png,HOU,0.0,Guard,72,185,UCLA,USA
Jrue Holiday,https://cdn.nba.com/headshots/nba/latest/260x190/201950.png,BOS,4.0,Guard,76,205,UCLA,USA
Ronald Holland II,https://cdn.nba.com/headshots/nba/latest/260x190/1641842.png,DET,0.0,Forward,80,206,NBA G League Ignite,USA
Richaun Holmes,https://cdn.nba.com/headshots/nba/latest/260x190/1626158.png,WAS,22.0,Forward,81,235,Bowling Green,USA
DaRon Holmes II,https://cdn.nba.com/headshots/nba/latest/260x190/1641747.png,DEN,14.0,Forward,82,225,Dayton,USA
Chet Holmgren,https://cdn.nba.com/headshots/nba/latest/260x190/1631096.png,OKC,7.0,Center-Forward,85,208,Gonzaga,USA
Jalen Hood-Schifino,https://cdn.nba.com/headshots/nba/latest/260x190/1641720.png,LAL,0.0,Guard,77,210,Indiana,USA
Al Horford,https://cdn.nba.com/headshots/nba/latest/260x190/201143.png,BOS,42.0,Center-Forward,81,240,Florida,Dominican Republic
Talen Horton-Tucker,https://cdn.nba.com/headshots/nba/latest/260x190/1629659.png,CHI,22.0,Guard,76,234,Iowa State,USA
Caleb Houstan,https://cdn.nba.com/headshots/nba/latest/260x190/1631216.png,ORL,2.0,Guard,80,205,Michigan,Canada
Jett Howard,https://cdn.nba.com/headshots/nba/latest/260x190/1641724.png,ORL,13.0,Guard,78,215,Michigan,USA
Kevin Huerter,https://cdn.nba.com/headshots/nba/latest/260x190/1628989.png,SAC,9.0,Guard-Forward,79,198,Maryland,USA
Jay Huff,https://cdn.nba.com/headshots/nba/latest/260x190/1630643.png,MEM,30.0,Center,85,240,Virginia,USA
Ariel Hukporti,https://cdn.nba.com/headshots/nba/latest/260x190/1630574.png,NYK,55.0,Center,83,246,MHP Riesen,Germany
De'Andre Hunter,https://cdn.nba.com/headshots/nba/latest/260x190/1629631.png,ATL,12.0,Forward-Guard,80,221,Virginia,USA
Bones Hyland,https://cdn.nba.com/headshots/nba/latest/260x190/1630538.png,LAC,5.0,Guard,74,169,Virginia Commonwealth,USA
Oso Ighodaro,https://cdn.nba.com/headshots/nba/latest/260x190/1642345.png,PHX,4.0,Forward,84,235,Marquette,USA
Joe Ingles,https://cdn.nba.com/headshots/nba/latest/260x190/204060.png,MIN,7.0,Forward-Guard,80,220,Maccabi Tel Aviv,Australia
Brandon Ingram,https://cdn.nba.com/headshots/nba/latest/260x190/1627742.png,NOP,14.0,Forward,80,190,Duke,USA
Harrison Ingram,https://cdn.nba.com/headshots/nba/latest/260x190/1631127.png,SAS,55.0,Forward,77,230,North Carolina,USA
Kyrie Irving,https://cdn.nba.com/headshots/nba/latest/260x190/202681.png,DAL,11.0,Guard,74,195,Duke,Australia
Jonathan Isaac,https://cdn.nba.com/headshots/nba/latest/260x190/1628371.png,ORL,1.0,Forward,82,230,Florida State,USA
Jaden Ivey,https://cdn.nba.com/headshots/nba/latest/260x190/1631093.png,DET,23.0,Guard,76,195,Purdue,USA
GG Jackson,https://cdn.nba.com/headshots/nba/latest/260x190/1641713.png,MEM,45.0,Forward,81,210,South Carolina,USA
Isaiah Jackson,https://cdn.nba.com/headshots/nba/latest/260x190/1630543.png,IND,22.0,Forward,81,205,Kentucky,USA
Quenton Jackson,https://cdn.nba.com/headshots/nba/latest/260x190/1631245.png,IND,29.0,Guard,77,173,Texas A&M,USA
Reggie Jackson,https://cdn.nba.com/headshots/nba/latest/260x190/202704.png,PHI,0.0,Guard,74,208,Boston College,USA
Andre Jackson Jr.,https://cdn.nba.com/headshots/nba/latest/260x190/1641748.png,MIL,44.0,Guard,78,209,Connecticut,USA
Jaren Jackson Jr.,https://cdn.nba.com/headshots/nba/latest/260x190/1628991.png,MEM,13.0,Forward-Center,82,242,Michigan State,USA
Trayce Jackson-Davis,https://cdn.nba.com/headshots/nba/latest/260x190/1631218.png,GSW,32.0,Forward,81,245,Indiana,USA
Bronny James,https://cdn.nba.com/headshots/nba/latest/260x190/1642355.png,LAL,9.0,Guard,75,210,Southern California,USA
LeBron James,https://cdn.nba.com/headshots/nba/latest/260x190/2544.png,LAL,23.0,Forward,81,250,St. Vincent-St. Mary HS (OH),USA
Jaime Jaquez Jr.,https://cdn.nba.com/headshots/nba/latest/260x190/1631170.png,MIA,11.0,Guard,78,225,UCLA,USA
DaQuan Jeffries,https://cdn.nba.com/headshots/nba/latest/260x190/1629610.png,CHA,3.0,Guard-Forward,77,222,Tulsa,USA
Trey Jemison III,https://cdn.nba.com/headshots/nba/latest/260x190/1641998.png,NOP,55.0,Center,82,260,Alabama-Birmingham,USA
Daniss Jenkins,https://cdn.nba.com/headshots/nba/latest/260x190/1642450.png,DET,24.0,Guard,75,165,St. John's,USA
Ty Jerome,https://cdn.nba.com/headshots/nba/latest/260x190/1629660.png,CLE,2.0,Guard-Forward,77,195,Virginia,USA
Isaiah Joe,https://cdn.nba.com/headshots/nba/latest/260x190/1630198.png,OKC,11.0,Guard,75,165,Arkansas,USA
AJ Johnson,https://cdn.nba.com/headshots/nba/latest/260x190/1642358.png,MIL,77.0,Guard,77,160,Illawarra,USA
Cameron Johnson,https://cdn.nba.com/headshots/nba/latest/260x190/1629661.png,BKN,2.0,Forward,80,210,North Carolina,USA
Jalen Johnson,https://cdn.nba.com/headshots/nba/latest/260x190/1630552.png,ATL,1.0,Forward,80,219,Duke,USA
James Johnson,https://cdn.nba.com/headshots/nba/latest/260x190/201949.png,IND,16.0,Forward,79,240,Wake Forest,USA
Keldon Johnson,https://cdn.nba.com/headshots/nba/latest/260x190/1629640.png,SAS,0.0,Forward-Guard,77,220,Kentucky,USA
Keon Johnson,https://cdn.nba.com/headshots/nba/latest/260x190/1630553.png,BKN,45.0,Guard,77,185,Tennessee,USA
Keshad Johnson,https://cdn.nba.com/headshots/nba/latest/260x190/1642352.png,MIA,16.0,Forward,79,225,Arizona,USA
Nikola Jokić,https://cdn.nba.com/headshots/nba/latest/260x190/203999.png,DEN,15.0,Center,83,284,Mega Basket,Serbia
Colby Jones,https://cdn.nba.com/headshots/nba/latest/260x190/1641732.png,SAC,20.0,Guard,78,207,Xavier,USA
Dillon Jones,https://cdn.nba.com/headshots/nba/latest/260x190/1641794.png,OKC,3.0,Forward,77,235,Weber State,USA
Herbert Jones,https://cdn.nba.com/headshots/nba/latest/260x190/1630529.png,NOP,2.0,Forward,79,206,Alabama,USA
Isaac Jones,https://cdn.nba.com/headshots/nba/latest/260x190/1642403.png,SAC,17.0,Forward,81,245,Washington State,USA
Kai Jones,https://cdn.nba.com/headshots/nba/latest/260x190/1630539.png,LAC,23.0,Center-Forward,83,221,Texas,Bahamas
Mason Jones,https://cdn.nba.com/headshots/nba/latest/260x190/1630222.png,SAC,8.0,Guard,76,200,Arkansas,USA
Spencer Jones,https://cdn.nba.com/headshots/nba/latest/260x190/1642461.png,DEN,21.0,Forward,79,225,Stanford,USA
Tre Jones,https://cdn.nba.com/headshots/nba/latest/260x190/1630200.png,SAS,33.0,Guard,73,185,Duke,USA
Tyus Jones,https://cdn.nba.com/headshots/nba/latest/260x190/1626145.png,PHX,21.0,Guard,73,196,Duke,USA
David Jones Garcia,https://cdn.nba.com/headshots/nba/latest/260x190/1642357.png,UTA,18.0,Forward,78,210,Memphis,Dominican Republic
Derrick Jones Jr.,https://cdn.nba.com/headshots/nba/latest/260x190/1627884.png,LAC,55.0,Forward,78,210,UNLV,USA
DeAndre Jordan,https://cdn.nba.com/headshots/nba/latest/260x190/201599.png,DEN,6.0,Center,83,265,Texas A&M,USA
Cory Joseph,https://cdn.nba.com/headshots/nba/latest/260x190/202709.png,ORL,10.0,Guard,74,200,Texas,Canada
Nikola Jović,https://cdn.nba.com/headshots/nba/latest/260x190/1631107.png,MIA,5.0,Forward,82,205,Mega Basket,Serbia
Johnny Juzang,https://cdn.nba.com/headshots/nba/latest/260x190/1630548.png,UTA,33.0,Guard,77,209,UCLA,USA
Yuki Kawamura,https://cdn.nba.com/headshots/nba/latest/260x190/1642530.png,MEM,17.0,Guard,68,159,-,Japan
Luke Kennard,https://cdn.nba.com/headshots/nba/latest/260x190/1628379.png,MEM,10.0,Guard,77,206,Duke,USA
Walker Kessler,https://cdn.nba.com/headshots/nba/latest/260x190/1631117.png,UTA,24.0,Center,84,245,Auburn,USA
Corey Kispert,https://cdn.nba.com/headshots/nba/latest/260x190/1630557.png,WAS,24.0,Forward,78,224,Gonzaga,USA
Maxi Kleber,https://cdn.nba.com/headshots/nba/latest/260x190/1628467.png,DAL,42.0,Forward,82,240,Bayern Munich,Germany
Bobi Klintman,https://cdn.nba.com/headshots/nba/latest/260x190/1641752.png,DET,34.0,Forward,81,225,Cairns,Sweden
Dalton Knecht,https://cdn.nba.com/headshots/nba/latest/260x190/1642261.png,LAL,4.0,Forward,78,215,Tennessee,USA
Tyler Kolek,https://cdn.nba.com/headshots/nba/latest/260x190/1642278.png,NYK,13.0,Guard,75,195,Marquette,USA
Christian Koloko,https://cdn.nba.com/headshots/nba/latest/260x190/1631132.png,LAL,10.0,Center,84,220,Arizona,Cameroon
John Konchar,https://cdn.nba.com/headshots/nba/latest/260x190/1629723.png,MEM,46.0,Guard,77,210,Indiana-Purdue Fort Wayne,USA
Luke Kornet,https://cdn.nba.com/headshots/nba/latest/260x190/1628436.png,BOS,40.0,Center-Forward,85,250,Vanderbilt,USA
Vít Krejčí,https://cdn.nba.com/headshots/nba/latest/260x190/1630249.png,ATL,27.0,Guard,80,195,Zaragoza,Czech Republic
Jonathan Kuminga,https://cdn.nba.com/headshots/nba/latest/260x190/1630228.png,GSW,0.0,Forward,79,225,NBA G League Ignite,DRC
Kyle Kuzma,https://cdn.nba.com/headshots/nba/latest/260x190/1628398.png,WAS,33.0,Forward,81,221,Utah,USA
Jock Landale,https://cdn.nba.com/headshots/nba/latest/260x190/1629111.png,HOU,2.0,Center,83,255,St. Mary's,Australia
Jake LaRavia,https://cdn.nba.com/headshots/nba/latest/260x190/1631222.png,MEM,3.0,Forward,79,235,Wake Forest,USA
Pelle Larsson,https://cdn.nba.com/headshots/nba/latest/260x190/1641796.png,MIA,9.0,Guard,77,215,Arizona,Sweden
Zach LaVine,https://cdn.nba.com/headshots/nba/latest/260x190/203897.png,CHI,8.0,Guard,77,200,UCLA,USA
A.J. Lawson,https://cdn.nba.com/headshots/nba/latest/260x190/1630639.png,TOR,9.0,Guard,78,179,South Carolina,Canada
Damion Lee,https://cdn.nba.com/headshots/nba/latest/260x190/1627814.png,PHX,10.0,Guard-Forward,78,210,Drexel,USA
Alex Len,https://cdn.nba.com/headshots/nba/latest/260x190/203458.png,SAC,25.0,Center,84,250,Maryland,Ukraine
Kawhi Leonard,https://cdn.nba.com/headshots/nba/latest/260x190/202695.png,LAC,2.0,Forward,79,225,San Diego State,USA
Malevy Leons,https://cdn.nba.com/headshots/nba/latest/260x190/1642502.png,,,Forward,81,210,Bradley,Netherlands
Caris LeVert,https://cdn.nba.com/headshots/nba/latest/260x190/1627747.png,CLE,3.0,Guard,78,205,Michigan,USA
Maxwell Lewis,https://cdn.nba.com/headshots/nba/latest/260x190/1641721.png,BKN,27.0,Forward,79,215,Pepperdine,USA
E.J. Liddell,https://cdn.nba.com/headshots/nba/latest/260x190/1630604.png,CHI,32.0,Forward,78,240,Ohio State,USA
Damian Lillard,https://cdn.nba.com/headshots/nba/latest/260x190/203081.png,MIL,0.0,Guard,74,195,Weber State,USA
Dereck Lively II,https://cdn.nba.com/headshots/nba/latest/260x190/1641726.png,DAL,2.0,Center,85,230,Duke,USA
Chris Livingston,https://cdn.nba.com/headshots/nba/latest/260x190/1641753.png,MIL,7.0,Forward,78,220,Kentucky,USA
Kevon Looney,https://cdn.nba.com/headshots/nba/latest/260x190/1626172.png,GSW,5.0,Forward,81,222,UCLA,USA
Brook Lopez,https://cdn.nba.com/headshots/nba/latest/260x190/201572.png,MIL,11.0,Center,85,282,Stanford,USA
Kevin Love,https://cdn.nba.com/headshots/nba/latest/260x190/201567.png,MIA,42.0,Forward-Center,80,251,UCLA,USA
Kyle Lowry,https://cdn.nba.com/headshots/nba/latest/260x190/200768.png,PHI,7.0,Guard,72,196,Villanova,USA
Trey Lyles,https://cdn.nba.com/headshots/nba/latest/260x190/1626168.png,SAC,41.0,Forward,81,234,Kentucky,Canada
Sandro Mamukelashvili,https://cdn.nba.com/headshots/nba/latest/260x190/1630572.png,SAS,54.0,Forward-Center,81,240,Seton Hall,Georgia
Terance Mann,https://cdn.nba.com/headshots/nba/latest/260x190/1629611.png,LAC,14.0,Guard-Forward,77,215,Florida State,USA
Tre Mann,https://cdn.nba.com/headshots/nba/latest/260x190/1630544.png,CHA,23.0,Guard,75,178,Florida,USA
Lauri Markkanen,https://cdn.nba.com/headshots/nba/latest/260x190/1628374.png,UTA,23.0,Forward-Center,84,240,Arizona,Finland
Naji Marshall,https://cdn.nba.com/headshots/nba/latest/260x190/1630230.png,DAL,13.0,Forward,78,220,Xavier,USA
Caleb Martin,https://cdn.nba.com/headshots/nba/latest/260x190/1628997.png,PHI,16.0,Forward,77,205,Nevada,USA
Cody Martin,https://cdn.nba.com/headshots/nba/latest/260x190/1628998.png,CHA,11.0,Forward,78,205,Nevada,USA
Jaylen Martin,https://cdn.nba.com/headshots/nba/latest/260x190/1641798.png,BKN,16.0,Guard,78,216,Overtime Elite,USA
KJ Martin,https://cdn.nba.com/headshots/nba/latest/260x190/1630231.png,PHI,1.0,Forward,78,215,IMG Academy (FL),USA
Tyrese Martin,https://cdn.nba.com/headshots/nba/latest/260x190/1631213.png,BKN,13.0,Forward,78,215,Connecticut,USA
Garrison Mathews,https://cdn.nba.com/headshots/nba/latest/260x190/1629726.png,ATL,24.0,Guard,78,215,Lipscomb,USA
Bennedict Mathurin,https://cdn.nba.com/headshots/nba/latest/260x190/1631097.png,IND,0.0,Guard-Forward,77,210,Arizona,Canada
Karlo Matković,https://cdn.nba.com/headshots/nba/latest/260x190/1631255.png,NOP,17.0,Forward-Center,82,231,Mega Basket,Bosnia and Herzegovina
Tyrese Maxey,https://cdn.nba.com/headshots/nba/latest/260x190/1630178.png,PHI,0.0,Guard,74,200,Kentucky,USA
Miles McBride,https://cdn.nba.com/headshots/nba/latest/260x190/1630540.png,NYK,2.0,Guard,73,195,West Virginia,USA
Jared McCain,https://cdn.nba.com/headshots/nba/latest/260x190/1642272.png,PHI,20.0,Guard,75,195,Duke,USA
Mac McClung,https://cdn.nba.com/headshots/nba/latest/260x190/1630644.png,ORL,8.0,Guard,74,185,Texas Tech,USA
CJ McCollum,https://cdn.nba.com/headshots/nba/latest/260x190/203468.png,NOP,3.0,Guard,75,190,Lehigh,USA
T.J. McConnell,https://cdn.nba.com/headshots/nba/latest/260x190/204456.png,IND,9.0,Guard,73,190,Arizona,USA
Kevin McCullar Jr.,https://cdn.nba.com/headshots/nba/latest/260x190/1641755.png,NYK,9.0,Guard,78,210,Kansas,USA
Jaden McDaniels,https://cdn.nba.com/headshots/nba/latest/260x190/1630183.png,MIN,3.0,Forward,81,185,Washington,USA
Doug McDermott,https://cdn.nba.com/headshots/nba/latest/260x190/203926.png,SAC,7.0,Forward,78,225,Creighton,USA
Bryce McGowens,https://cdn.nba.com/headshots/nba/latest/260x190/1631121.png,POR,11.0,Guard,78,190,Nebraska,USA
Jordan McLaughlin,https://cdn.nba.com/headshots/nba/latest/260x190/1629162.png,SAC,3.0,Guard,72,185,Southern California,USA
Jack McVeigh,https://cdn.nba.com/headshots/nba/latest/260x190/1629098.png,HOU,58.0,Guard-Forward,80,215,Nebraska-Lincoln,Australia
De'Anthony Melton,https://cdn.nba.com/headshots/nba/latest/260x190/1629001.png,BKN,14.0,Guard,75,200,Southern California,USA
Sam Merrill,https://cdn.nba.com/headshots/nba/latest/260x190/1630241.png,CLE,5.0,Guard,76,205,Utah State,USA
Vasilije Micić,https://cdn.nba.com/headshots/nba/latest/260x190/203995.png,CHA,22.0,Guard,75,188,Serbia,Serbia
Khris Middleton,https://cdn.nba.com/headshots/nba/latest/260x190/203114.png,MIL,22.0,Forward,79,222,Texas A&M,USA
Brandon Miller,https://cdn.nba.com/headshots/nba/latest/260x190/1641706.png,CHA,24.0,Forward,79,200,Alabama,USA
Emanuel Miller,https://cdn.nba.com/headshots/nba/latest/260x190/1641801.png,CHI,3.0,Forward,79,215,TCU,Canada
Jordan Miller,https://cdn.nba.com/headshots/nba/latest/260x190/1641757.png,LAC,11.0,Guard,77,194,Miami,USA
Leonard Miller,https://cdn.nba.com/headshots/nba/latest/260x190/1631159.png,MIN,33.0,Forward,82,220,NBA G League Ignite,Canada
Patty Mills,https://cdn.nba.com/headshots/nba/latest/260x190/201988.png,UTA,8.0,Guard,74,180,St. Mary's,Australia
Shake Milton,https://cdn.nba.com/headshots/nba/latest/260x190/1629003.png,LAL,7.0,Guard,77,205,Southern Methodist,USA
Justin Minaya,https://cdn.nba.com/headshots/nba/latest/260x190/1631303.png,POR,10.0,Forward,77,205,Providence,USA
Riley Minix,https://cdn.nba.com/headshots/nba/latest/260x190/1642434.png,SAS,27.0,Forward,79,230,Morehead State,USA
Josh Minott,https://cdn.nba.com/headshots/nba/latest/260x190/1631169.png,MIN,8.0,Forward,80,205,Memphis,USA
Yves Missi,https://cdn.nba.com/headshots/nba/latest/260x190/1642274.png,NOP,21.0,Center,83,235,Baylor,Cameroon
Ajay Mitchell,https://cdn.nba.com/headshots/nba/latest/260x190/1642349.png,OKC,25.0,Guard,77,190,California-Santa Barbara,Belgium
Davion Mitchell,https://cdn.nba.com/headshots/nba/latest/260x190/1630558.png,TOR,45.0,Guard,72,202,Baylor,USA
Donovan Mitchell,https://cdn.nba.com/headshots/nba/latest/260x190/1628378.png,CLE,45.0,Guard,75,215,Louisville,USA
Evan Mobley,https://cdn.nba.com/headshots/nba/latest/260x190/1630596.png,CLE,4.0,Center,83,215,Southern California,USA
Jonathan Mogbo,https://cdn.nba.com/headshots/nba/latest/260x190/1642367.png,TOR,2.0,Forward,81,225,San Francisco,USA
Malik Monk,https://cdn.nba.com/headshots/nba/latest/260x190/1628370.png,SAC,0.0,Guard,75,200,Kentucky,USA
Moses Moody,https://cdn.nba.com/headshots/nba/latest/260x190/1630541.png,GSW,4.0,Guard,77,211,Arkansas,USA
Taze Moore,https://cdn.nba.com/headshots/nba/latest/260x190/1631386.png,POR,76.0,Guard,77,195,Houston,USA
Wendell Moore Jr.,https://cdn.nba.com/headshots/nba/latest/260x190/1631111.png,DET,14.0,Guard,77,215,Duke,USA
Ja Morant,https://cdn.nba.com/headshots/nba/latest/260x190/1629630.png,MEM,12.0,Guard,74,174,Murray State,USA
Markieff Morris,https://cdn.nba.com/headshots/nba/latest/260x190/202693.png,DAL,88.0,Forward,81,245,Kansas,USA
Monté Morris,https://cdn.nba.com/headshots/nba/latest/260x190/1628420.png,PHX,23.0,Guard,74,183,Iowa State,USA
Trey Murphy III,https://cdn.nba.com/headshots/nba/latest/260x190/1630530.png,NOP,25.0,Forward,80,206,Virginia,USA
Dejounte Murray,https://cdn.nba.com/headshots/nba/latest/260x190/1627749.png,NOP,5.0,Guard,76,180,Washington,USA
Jamal Murray,https://cdn.nba.com/headshots/nba/latest/260x190/1627750.png,DEN,27.0,Guard,76,215,Kentucky,Canada
Keegan Murray,https://cdn.nba.com/headshots/nba/latest/260x190/1631099.png,SAC,13.0,Forward,80,225,Iowa,USA
Kris Murray,https://cdn.nba.com/headshots/nba/latest/260x190/1631200.png,POR,24.0,Forward,80,216,Iowa,USA
Svi Mykhailiuk,https://cdn.nba.com/headshots/nba/latest/260x190/1629004.png,UTA,19.0,Guard-Forward,79,205,Kansas,Ukraine
Pete Nance,https://cdn.nba.com/headshots/nba/latest/260x190/1631250.png,PHI,22.0,Forward,82,225,North Carolina,USA
Larry Nance Jr.,https://cdn.nba.com/headshots/nba/latest/260x190/1626204.png,ATL,22.0,Forward-Center,80,245,Wyoming,USA
Andrew Nembhard,https://cdn.nba.com/headshots/nba/latest/260x190/1629614.png,IND,2.0,Guard-Forward,76,191,Gonzaga,Canada
Aaron Nesmith,https://cdn.nba.com/headshots/nba/latest/260x190/1630174.png,IND,23.0,Guard-Forward,78,215,Vanderbilt,USA
Tristen Newton,https://cdn.nba.com/headshots/nba/latest/260x190/1641803.png,IND,4.0,Guard,77,190,Connecticut,USA
Georges Niang,https://cdn.nba.com/headshots/nba/latest/260x190/1627777.png,CLE,20.0,Forward,79,230,Iowa State,USA
Daishen Nix,https://cdn.nba.com/headshots/nba/latest/260x190/1630227.png,MIN,1.0,Guard,76,238,NBA G League Ignite,USA
Zeke Nnaji,https://cdn.nba.com/headshots/nba/latest/260x190/1630192.png,DEN,22.0,Forward-Center,81,240,Arizona,USA
Jaylen Nowell,https://cdn.nba.com/headshots/nba/latest/260x190/1629669.png,,,Guard,76,201,Washington,USA
Jusuf Nurkić,https://cdn.nba.com/headshots/nba/latest/260x190/203994.png,PHX,20.0,Center,84,290,Cedevita,Bosnia and Herzegovina
Josh Okogie,https://cdn.nba.com/headshots/nba/latest/260x190/1629006.png,PHX,2.0,Guard,76,213,Georgia Tech,Nigeria
Onyeka Okongwu,https://cdn.nba.com/headshots/nba/latest/260x190/1630168.png,ATL,17.0,Forward-Center,82,240,Southern California,USA
Isaac Okoro,https://cdn.nba.com/headshots/nba/latest/260x190/1630171.png,CLE,35.0,Forward-Guard,77,225,Auburn,USA
Quincy Olivari,https://cdn.nba.com/headshots/nba/latest/260x190/1642439.png,LAL,41.0,Guard,75,200,Xavier,USA
Kelly Olynyk,https://cdn.nba.com/headshots/nba/latest/260x190/203482.png,TOR,41.0,Forward-Center,83,240,Gonzaga,Canada
Royce O'Neale,https://cdn.nba.com/headshots/nba/latest/260x190/1626220.png,PHX,0.0,Forward,78,226,Baylor,USA
Kelly Oubre Jr.,https://cdn.nba.com/headshots/nba/latest/260x190/1626162.png,PHI,9.0,Forward-Guard,80,203,Kansas,USA
Chris Paul,https://cdn.nba.com/headshots/nba/latest/260x190/101108.png,SAS,3.0,Guard,72,175,Wake Forest,USA
Cameron Payne,https://cdn.nba.com/headshots/nba/latest/260x190/1626166.png,NYK,1.0,Guard,75,183,Murray State,USA
Elfrid Payton,https://cdn.nba.com/headshots/nba/latest/260x190/203901.png,,,Guard,75,195,Louisana-Lafayette,USA
Gary Payton II,https://cdn.nba.com/headshots/nba/latest/260x190/1627780.png,GSW,0.0,Guard,74,195,Oregon State,USA
Drew Peterson,https://cdn.nba.com/headshots/nba/latest/260x190/1641809.png,BOS,13.0,Forward,81,205,Southern California,USA
Julian Phillips,https://cdn.nba.com/headshots/nba/latest/260x190/1641763.png,CHI,15.0,Forward,80,198,Tennessee,USA
Jalen Pickett,https://cdn.nba.com/headshots/nba/latest/260x190/1629618.png,DEN,24.0,Guard,74,202,Penn State,USA
Scotty Pippen Jr.,https://cdn.nba.com/headshots/nba/latest/260x190/1630590.png,MEM,1.0,Guard,73,170,Vanderbilt,USA
Daeqwon Plowden,https://cdn.nba.com/headshots/nba/latest/260x190/1631342.png,ATL,29.0,Guard-Forward,78,216,Bowling Green,USA
Mason Plumlee,https://cdn.nba.com/headshots/nba/latest/260x190/203486.png,PHX,22.0,Forward-Center,82,254,Duke,USA
Brandin Podziemski,https://cdn.nba.com/headshots/nba/latest/260x190/1641764.png,GSW,2.0,Guard,76,205,Santa Clara,USA
Jakob Poeltl,https://cdn.nba.com/headshots/nba/latest/260x190/1627751.png,TOR,19.0,Center,84,260,Utah,Austria
Jordan Poole,https://cdn.nba.com/headshots/nba/latest/260x190/1629673.png,WAS,13.0,Guard,76,194,Michigan,USA
Craig Porter Jr.,https://cdn.nba.com/headshots/nba/latest/260x190/1641854.png,CLE,9.0,Guard,73,180,Wichita State,USA
Kevin Porter Jr.,https://cdn.nba.com/headshots/nba/latest/260x190/1629645.png,LAC,77.0,Guard-Forward,76,203,Southern California,USA
Michael Porter Jr.,https://cdn.nba.com/headshots/nba/latest/260x190/1629008.png,DEN,1.0,Forward,82,218,Missouri,USA
Bobby Portis,https://cdn.nba.com/headshots/nba/latest/260x190/1626171.png,MIL,9.0,Forward,82,250,Arkansas,USA
Kristaps Porziņģis,https://cdn.nba.com/headshots/nba/latest/260x190/204001.png,BOS,8.0,Forward-Center,86,240,Cajasol Sevilla,Latvia
Quinten Post,https://cdn.nba.com/headshots/nba/latest/260x190/1642366.png,GSW,21.0,Center,84,238,Boston College,Netherlands
Micah Potter,https://cdn.nba.com/headshots/nba/latest/260x190/1630695.png,UTA,25.0,Center,81,248,Wisconsin,USA
Dwight Powell,https://cdn.nba.com/headshots/nba/latest/260x190/203939.png,DAL,7.0,Forward-Center,82,240,Stanford,Canada
Norman Powell,https://cdn.nba.com/headshots/nba/latest/260x190/1626181.png,LAC,24.0,Guard,76,215,UCLA,USA
Taurean Prince,https://cdn.nba.com/headshots/nba/latest/260x190/1627752.png,MIL,12.0,Forward,78,218,Baylor,USA
Payton Pritchard,https://cdn.nba.com/headshots/nba/latest/260x190/1630202.png,BOS,11.0,Guard,73,195,Oregon,USA
Olivier-Maxence Prosper,https://cdn.nba.com/headshots/nba/latest/260x190/1641765.png,DAL,8.0,Forward,79,230,Marquette,Canada
Trevelin Queen,https://cdn.nba.com/headshots/nba/latest/260x190/1630243.png,ORL,12.0,Guard,77,190,New Mexico State,USA
Neemias Queta,https://cdn.nba.com/headshots/nba/latest/260x190/1629674.png,BOS,88.0,Center,84,248,Utah State,Portugal
Immanuel Quickley,https://cdn.nba.com/headshots/nba/latest/260x190/1630193.png,TOR,5.0,Guard,74,190,Kentucky,USA
Lester Quinones,https://cdn.nba.com/headshots/nba/latest/260x190/1631311.png,,,Guard,76,208,Memphis,USA
Julius Randle,https://cdn.nba.com/headshots/nba/latest/260x190/203944.png,MIN,30.0,Forward-Center,81,250,Kentucky,USA
Duop Reath,https://cdn.nba.com/headshots/nba/latest/260x190/1641871.png,POR,26.0,Center,81,245,Louisiana State,South Sudan
Austin Reaves,https://cdn.nba.com/headshots/nba/latest/260x190/1630559.png,LAL,15.0,Guard,77,197,Oklahoma,USA
Cam Reddish,https://cdn.nba.com/headshots/nba/latest/260x190/1629629.png,LAL,5.0,Forward-Guard,79,217,Duke,USA
Paul Reed,https://cdn.nba.com/headshots/nba/latest/260x190/1630194.png,DET,7.0,Forward,81,210,DePaul,USA
Alex Reese,https://cdn.nba.com/headshots/nba/latest/260x190/1642024.png,,,Forward-Center,81,245,Alabama,USA
Antonio Reeves,https://cdn.nba.com/headshots/nba/latest/260x190/1641810.png,NOP,12.0,Guard,77,205,Kentucky,USA
Naz Reid,https://cdn.nba.com/headshots/nba/latest/260x190/1629675.png,MIN,11.0,Center-Forward,81,264,Louisiana State,USA
Jared Rhoden,https://cdn.nba.com/headshots/nba/latest/260x190/1631197.png,,,Guard,77,210,Seton Hall,USA
Nick Richards,https://cdn.nba.com/headshots/nba/latest/260x190/1630208.png,CHA,4.0,Center,84,245,Kentucky,Jamaica
Josh Richardson,https://cdn.nba.com/headshots/nba/latest/260x190/1626196.png,MIA,0.0,Guard,77,200,Tennessee,USA
Zaccharie Risacher,https://cdn.nba.com/headshots/nba/latest/260x190/1642258.png,ATL,10.0,Forward,80,200,JL Bourg-en-Bresse,France
Liam Robbins,https://cdn.nba.com/headshots/nba/latest/260x190/1641857.png,MIL,15.0,Center,84,250,Vanderbilt,USA
Duncan Robinson,https://cdn.nba.com/headshots/nba/latest/260x190/1629130.png,MIA,55.0,Forward,79,215,Michigan,USA
Mitchell Robinson,https://cdn.nba.com/headshots/nba/latest/260x190/1629011.png,NYK,23.0,Center-Forward,84,240,Western Kentucky,USA
Orlando Robinson,https://cdn.nba.com/headshots/nba/latest/260x190/1631115.png,SAC,77.0,Center,82,235,Fresno State,USA
Jeremiah Robinson-Earl,https://cdn.nba.com/headshots/nba/latest/260x190/1630526.png,NOP,50.0,Forward,80,240,Villanova,USA
David Roddy,https://cdn.nba.com/headshots/nba/latest/260x190/1631223.png,ATL,8.0,Forward,76,255,Colorado State,USA
Ryan Rollins,https://cdn.nba.com/headshots/nba/latest/260x190/1631157.png,MIL,13.0,Guard,75,180,Toledo,USA
Terry Rozier,https://cdn.nba.com/headshots/nba/latest/260x190/1626179.png,MIA,2.0,Guard,73,190,Louisville,USA
Rayan Rupert,https://cdn.nba.com/headshots/nba/latest/260x190/1641712.png,POR,21.0,Guard-Forward,78,195,New Zealand Breakers,France
D'Angelo Russell,https://cdn.nba.com/headshots/nba/latest/260x190/1626156.png,BKN,1.0,Guard,75,193,Ohio State,USA
Matt Ryan,https://cdn.nba.com/headshots/nba/latest/260x190/1630346.png,NYK,37.0,Forward,78,215,Tennessee-Chattanooga,USA
Domantas Sabonis,https://cdn.nba.com/headshots/nba/latest/260x190/1627734.png,SAC,11.0,Forward-Center,82,240,Gonzaga,Lithuania
Tidjane Salaün,https://cdn.nba.com/headshots/nba/latest/260x190/1642275.png,CHA,31.0,Forward,80,207,Cholet,France
Adama Sanogo,https://cdn.nba.com/headshots/nba/latest/260x190/1641766.png,CHI,21.0,Forward,81,245,Connecticut,Mali
Gui Santos,https://cdn.nba.com/headshots/nba/latest/260x190/1630611.png,GSW,15.0,Forward,78,185,Minas,Brazil
Dario Šarić,https://cdn.nba.com/headshots/nba/latest/260x190/203967.png,DEN,9.0,Forward-Center,82,225,Anadolu Efes,Croatia
Alexandre Sarr,https://cdn.nba.com/headshots/nba/latest/260x190/1642259.png,WAS,20.0,Center,84,205,Perth,France
Marcus Sasser,https://cdn.nba.com/headshots/nba/latest/260x190/1631204.png,DET,25.0,Guard,74,195,Houston,USA
Baylor Scheierman,https://cdn.nba.com/headshots/nba/latest/260x190/1631248.png,BOS,55.0,Guard,78,205,Creighton,USA
Dennis Schröder,https://cdn.nba.com/headshots/nba/latest/260x190/203471.png,GSW,71.0,Guard,73,175,Braunschweig,Germany
Alperen Sengun,https://cdn.nba.com/headshots/nba/latest/260x190/1630578.png,HOU,28.0,Center,83,243,Besiktas,Turkey
Brice Sensabaugh,https://cdn.nba.com/headshots/nba/latest/260x190/1641729.png,UTA,28.0,Forward,77,235,Ohio State,USA
Collin Sexton,https://cdn.nba.com/headshots/nba/latest/260x190/1629012.png,UTA,2.0,Guard,75,190,Alabama,USA
Landry Shamet,https://cdn.nba.com/headshots/nba/latest/260x190/1629013.png,NYK,20.0,Guard,76,190,Wichita State,USA
Terrence Shannon Jr.,https://cdn.nba.com/headshots/nba/latest/260x190/1630545.png,MIN,0.0,Guard-Forward,78,215,Illinois,USA
Day'Ron Sharpe,https://cdn.nba.com/headshots/nba/latest/260x190/1630549.png,BKN,20.0,Center,81,265,North Carolina,USA
Shaedon Sharpe,https://cdn.nba.com/headshots/nba/latest/260x190/1631101.png,POR,17.0,Guard,77,208,Kentucky,Canada
Jamal Shead,https://cdn.nba.com/headshots/nba/latest/260x190/1642347.png,TOR,23.0,Guard,73,200,Houston,USA
Ben Sheppard,https://cdn.nba.com/headshots/nba/latest/260x190/1641767.png,IND,26.0,Guard,78,190,Belmont,USA
Reed Sheppard,https://cdn.nba.com/headshots/nba/latest/260x190/1642263.png,HOU,15.0,Guard,74,185,Kentucky,USA
Pascal Siakam,https://cdn.nba.com/headshots/nba/latest/260x190/1627783.png,IND,43.0,Forward,80,245,New Mexico State,Cameroon
Ben Simmons,https://cdn.nba.com/headshots/nba/latest/260x190/1627732.png,BKN,10.0,Guard-Forward,82,240,Louisiana State,Australia
Anfernee Simons,https://cdn.nba.com/headshots/nba/latest/260x190/1629014.png,POR,1.0,Guard,75,200,Edgewater HS (FL),USA
KJ Simpson,https://cdn.nba.com/headshots/nba/latest/260x190/1642354.png,CHA,25.0,Guard,72,189,Colorado,USA
Jericho Sims,https://cdn.nba.com/headshots/nba/latest/260x190/1630579.png,NYK,20.0,Center,82,250,Texas,USA
Marcus Smart,https://cdn.nba.com/headshots/nba/latest/260x190/203935.png,MEM,36.0,Guard,75,220,Oklahoma State,USA
Dru Smith,https://cdn.nba.com/headshots/nba/latest/260x190/1630696.png,MIA,12.0,Guard,74,203,Missouri,USA
Jalen Smith,https://cdn.nba.com/headshots/nba/latest/260x190/1630188.png,CHI,7.0,Forward-Center,81,215,Maryland,USA
Tyler Smith,https://cdn.nba.com/headshots/nba/latest/260x190/1641890.png,MIL,21.0,Forward,81,224,NBA G League Ignite,USA
Jabari Smith Jr.,https://cdn.nba.com/headshots/nba/latest/260x190/1631095.png,HOU,10.0,Forward,82,220,Auburn,USA
Nick Smith Jr.,https://cdn.nba.com/headshots/nba/latest/260x190/1641733.png,CHA,8.0,Guard,74,185,Arkansas,USA
Jeremy Sochan,https://cdn.nba.com/headshots/nba/latest/260x190/1631110.png,SAS,10.0,Forward,80,230,Baylor,Poland
Cam Spencer,https://cdn.nba.com/headshots/nba/latest/260x190/1642285.png,MEM,24.0,Guard,76,205,Connecticut,USA
Pat Spencer,https://cdn.nba.com/headshots/nba/latest/260x190/1630311.png,GSW,61.0,Guard,75,205,Northwestern,USA
Jaden Springer,https://cdn.nba.com/headshots/nba/latest/260x190/1630531.png,BOS,44.0,Guard,76,202,Tennessee,USA
Isaiah Stevens,https://cdn.nba.com/headshots/nba/latest/260x190/1641815.png,MIA,,Guard,72,185,Colorado State,USA
Isaiah Stewart,https://cdn.nba.com/headshots/nba/latest/260x190/1630191.png,DET,28.0,Forward-Center,80,250,Washington,USA
Julian Strawther,https://cdn.nba.com/headshots/nba/latest/260x190/1631124.png,DEN,3.0,Guard,78,205,Gonzaga,USA
Max Strus,https://cdn.nba.com/headshots/nba/latest/260x190/1629622.png,CLE,1.0,Guard-Forward,77,215,DePaul,USA
Jalen Suggs,https://cdn.nba.com/headshots/nba/latest/260x190/1630591.png,ORL,4.0,Guard,77,205,Gonzaga,USA
Cole Swider,https://cdn.nba.com/headshots/nba/latest/260x190/1631306.png,DET,13.0,Forward,80,220,Syracuse,USA
Jae'Sean Tate,https://cdn.nba.com/headshots/nba/latest/260x190/1630256.png,HOU,8.0,Forward,76,230,Ohio State,USA
Jayson Tatum,https://cdn.nba.com/headshots/nba/latest/260x190/1628369.png,BOS,0.0,Forward-Guard,80,210,Duke,USA
Garrett Temple,https://cdn.nba.com/headshots/nba/latest/260x190/202066.png,TOR,17.0,Guard-Forward,77,195,Louisiana State,USA
Dalen Terry,https://cdn.nba.com/headshots/nba/latest/260x190/1631207.png,CHI,25.0,Forward,79,195,Arizona,USA
Daniel Theis,https://cdn.nba.com/headshots/nba/latest/260x190/1628464.png,NOP,10.0,Forward-Center,80,245,Brose Bamberg,Germany
Cam Thomas,https://cdn.nba.com/headshots/nba/latest/260x190/1630560.png,BKN,24.0,Guard,75,210,Louisiana State,Japan
Amen Thompson,https://cdn.nba.com/headshots/nba/latest/260x190/1641708.png,HOU,1.0,Guard-Forward,79,200,Overtime Elite,USA
Ausar Thompson,https://cdn.nba.com/headshots/nba/latest/260x190/1641709.png,DET,9.0,Guard-Forward,78,205,Overtime Elite,USA
Klay Thompson,https://cdn.nba.com/headshots/nba/latest/260x190/202691.png,DAL,31.0,Guard,77,220,Washington State,USA
Tristan Thompson,https://cdn.nba.com/headshots/nba/latest/260x190/202684.png,CLE,13.0,Center-Forward,81,254,Texas-Austin,Canada
JT Thor,https://cdn.nba.com/headshots/nba/latest/260x190/1630550.png,CLE,15.0,Forward,81,203,Auburn,USA
Matisse Thybulle,https://cdn.nba.com/headshots/nba/latest/260x190/1629680.png,POR,4.0,Guard-Forward,77,201,Washington,USA
Xavier Tillman,https://cdn.nba.com/headshots/nba/latest/260x190/1630214.png,BOS,26.0,Forward,79,245,Michigan State,USA
Nikola Topić,https://cdn.nba.com/headshots/nba/latest/260x190/1642260.png,OKC,44.0,Guard,78,200,Crvena zvezda,Serbia
Jacob Toppin,https://cdn.nba.com/headshots/nba/latest/260x190/1631210.png,NYK,0.0,Forward,80,200,Kentucky,USA
Obi Toppin,https://cdn.nba.com/headshots/nba/latest/260x190/1630167.png,IND,1.0,Forward,81,220,Dayton,USA
Karl-Anthony Towns,https://cdn.nba.com/headshots/nba/latest/260x190/1626157.png,NYK,32.0,Center-Forward,84,248,Kentucky,USA
Armel Traore,https://cdn.nba.com/headshots/nba/latest/260x190/1642422.png,LAL,94.0,Forward,81,245,ADA Blois,France
Luke Travers,https://cdn.nba.com/headshots/nba/latest/260x190/1631247.png,CLE,33.0,Forward,79,207,Rockingham Flames (Aus.),Australia
Gary Trent Jr.,https://cdn.nba.com/headshots/nba/latest/260x190/1629018.png,MIL,5.0,Guard,77,204,Duke,USA
Oscar Tshiebwe,https://cdn.nba.com/headshots/nba/latest/260x190/1631131.png,UTA,34.0,Forward-Center,80,255,Kentucky,DRC
P.J. Tucker,https://cdn.nba.com/headshots/nba/latest/260x190/200782.png,LAC,17.0,Forward,77,245,Texas,USA
Myles Turner,https://cdn.nba.com/headshots/nba/latest/260x190/1626167.png,IND,33.0,Center-Forward,83,250,Texas,USA
Hunter Tyson,https://cdn.nba.com/headshots/nba/latest/260x190/1641816.png,DEN,5.0,Forward,80,215,Clemson,USA
Jaylon Tyson,https://cdn.nba.com/headshots/nba/latest/260x190/1642281.png,CLE,24.0,Guard-Forward,78,215,California,USA
Stanley Umude,https://cdn.nba.com/headshots/nba/latest/260x190/1630649.png,MIL,17.0,Guard,78,210,Arkansas,USA
Jonas Valančiūnas,https://cdn.nba.com/headshots/nba/latest/260x190/202685.png,WAS,17.0,Center,83,265,Lietuvos rytas Vilnius,Lithuania
Jarred Vanderbilt,https://cdn.nba.com/headshots/nba/latest/260x190/1629020.png,LAL,2.0,Forward,80,214,Kentucky,USA
Fred VanVleet,https://cdn.nba.com/headshots/nba/latest/260x190/1627832.png,HOU,5.0,Guard,72,197,Wichita State,USA
Devin Vassell,https://cdn.nba.com/headshots/nba/latest/260x190/1630170.png,SAS,24.0,Guard-Forward,77,200,Florida State,USA
Gabe Vincent,https://cdn.nba.com/headshots/nba/latest/260x190/1629216.png,LAL,7.0,Guard,74,200,California-Santa Barbara,USA
Nikola Vučević,https://cdn.nba.com/headshots/nba/latest/260x190/202696.png,CHI,9.0,Center,82,260,Southern California,Montenegro
Tristan Vukcevic,https://cdn.nba.com/headshots/nba/latest/260x190/1641774.png,WAS,0.0,Forward,82,220,Real Madrid,Italy
Dean Wade,https://cdn.nba.com/headshots/nba/latest/260x190/1629731.png,CLE,32.0,Forward-Center,81,228,Kansas State,USA
Franz Wagner,https://cdn.nba.com/headshots/nba/latest/260x190/1630532.png,ORL,22.0,Forward,82,220,Michigan,Germany
Moritz Wagner,https://cdn.nba.com/headshots/nba/latest/260x190/1629021.png,ORL,21.0,Forward-Center,83,245,Michigan,Germany
Jabari Walker,https://cdn.nba.com/headshots/nba/latest/260x190/1631133.png,POR,34.0,Forward,79,237,Colorado,USA
Jarace Walker,https://cdn.nba.com/headshots/nba/latest/260x190/1641716.png,IND,5.0,Forward,79,235,Houston,USA
Cason Wallace,https://cdn.nba.com/headshots/nba/latest/260x190/1641717.png,OKC,22.0,Guard,75,195,Kentucky,USA
Keaton Wallace,https://cdn.nba.com/headshots/nba/latest/260x190/1630811.png,ATL,2.0,Guard,75,185,Texas-San Antonio,USA
Jordan Walsh,https://cdn.nba.com/headshots/nba/latest/260x190/1641775.png,BOS,27.0,Guard,78,205,Arkansas,USA
Ja'Kobe Walter,https://cdn.nba.com/headshots/nba/latest/260x190/1642266.png,TOR,14.0,Guard,77,180,Baylor,USA
Kel'el Ware,https://cdn.nba.com/headshots/nba/latest/260x190/1642276.png,MIA,7.0,Center,84,230,Indiana,USA
P.J. Washington,https://cdn.nba.com/headshots/nba/latest/260x190/1629023.png,DAL,25.0,Forward,78,230,Kentucky,USA
TyTy Washington Jr.,https://cdn.nba.com/headshots/nba/latest/260x190/1631102.png,PHX,14.0,Guard,75,195,Kentucky,USA
Lindy Waters III,https://cdn.nba.com/headshots/nba/latest/260x190/1630322.png,GSW,43.0,Forward,78,210,Oklahoma State,USA
Trendon Watford,https://cdn.nba.com/headshots/nba/latest/260x190/1630570.png,BKN,9.0,Guard-Forward,80,237,Louisiana State,USA
Anton Watson,https://cdn.nba.com/headshots/nba/latest/260x190/1641817.png,BOS,28.0,Forward,80,225,Gonzaga,USA
Peyton Watson,https://cdn.nba.com/headshots/nba/latest/260x190/1631212.png,DEN,8.0,Guard,79,200,UCLA,USA
Jaylen Wells,https://cdn.nba.com/headshots/nba/latest/260x190/1642377.png,MEM,0.0,Forward,80,206,Washington State,USA
Victor Wembanyama,https://cdn.nba.com/headshots/nba/latest/260x190/1641705.png,SAS,1.0,Forward-Center,87,235,Metropolitans 92,France
Blake Wesley,https://cdn.nba.com/headshots/nba/latest/260x190/1631104.png,SAS,14.0,Guard,75,185,Notre Dame,USA
Russell Westbrook,https://cdn.nba.com/headshots/nba/latest/260x190/201566.png,DEN,4.0,Guard,76,200,UCLA,USA
Coby White,https://cdn.nba.com/headshots/nba/latest/260x190/1629632.png,CHI,0.0,Guard,77,195,North Carolina,USA
Derrick White,https://cdn.nba.com/headshots/nba/latest/260x190/1628401.png,BOS,9.0,Guard,76,190,Colorado,USA
Dariq Whitehead,https://cdn.nba.com/headshots/nba/latest/260x190/1641727.png,BKN,0.0,Guard-Forward,78,220,Duke,USA
Cam Whitmore,https://cdn.nba.com/headshots/nba/latest/260x190/1641715.png,HOU,7.0,Forward,79,230,Villanova,USA
Aaron Wiggins,https://cdn.nba.com/headshots/nba/latest/260x190/1630598.png,OKC,21.0,Guard,77,190,Maryland,USA
Andrew Wiggins,https://cdn.nba.com/headshots/nba/latest/260x190/203952.png,GSW,22.0,Forward,79,197,Kansas,Canada
Alondes Williams,https://cdn.nba.com/headshots/nba/latest/260x190/1631214.png,DET,31.0,Guard,76,210,Wake Forest,USA
Brandon Williams,https://cdn.nba.com/headshots/nba/latest/260x190/1630314.png,DAL,10.0,Guard,73,190,Arizona,USA
Cody Williams,https://cdn.nba.com/headshots/nba/latest/260x190/1642262.png,UTA,5.0,Forward,79,190,Colorado,USA
Grant Williams,https://cdn.nba.com/headshots/nba/latest/260x190/1629684.png,CHA,2.0,Forward,78,236,Tennessee,USA
Jalen Williams,https://cdn.nba.com/headshots/nba/latest/260x190/1631114.png,OKC,8.0,Guard-Forward,77,211,Santa Clara,USA
Jaylin Williams,https://cdn.nba.com/headshots/nba/latest/260x190/1631119.png,OKC,6.0,Forward,81,240,Arkansas,USA
Kenrich Williams,https://cdn.nba.com/headshots/nba/latest/260x190/1629026.png,OKC,34.0,Guard-Forward,78,210,TCU,USA
Mark Williams,https://cdn.nba.com/headshots/nba/latest/260x190/1631109.png,CHA,5.0,Center,84,240,Duke,USA
Nate Williams,https://cdn.nba.com/headshots/nba/latest/260x190/1631466.png,HOU,19.0,Guard,77,205,Buffalo,USA
Patrick Williams,https://cdn.nba.com/headshots/nba/latest/260x190/1630172.png,CHI,44.0,Forward,79,215,Florida State,USA
Ziaire Williams,https://cdn.nba.com/headshots/nba/latest/260x190/1630533.png,BKN,8.0,Forward,81,185,Stanford,USA
Robert Williams III,https://cdn.nba.com/headshots/nba/latest/260x190/1629057.png,POR,35.0,Center-Forward,81,249,Texas A&M,USA
Vince Williams Jr.,https://cdn.nba.com/headshots/nba/latest/260x190/1631246.png,MEM,5.0,Guard,76,205,Virginia Commonwealth,USA
Zion Williamson,https://cdn.nba.com/headshots/nba/latest/260x190/1629627.png,NOP,1.0,Forward,78,284,Duke,USA
Jalen Wilson,https://cdn.nba.com/headshots/nba/latest/260x190/1630592.png,BKN,22.0,Forward,78,220,Kansas,USA
James Wiseman,https://cdn.nba.com/headshots/nba/latest/260x190/1630164.png,IND,13.0,Center,83,240,Memphis,USA
Isaiah Wong,https://cdn.nba.com/headshots/nba/latest/260x190/1631209.png,CHA,21.0,Guard,75,185,Miami,USA
Christian Wood,https://cdn.nba.com/headshots/nba/latest/260x190/1626174.png,LAL,35.0,Forward,80,214,UNLV,USA
Delon Wright,https://cdn.nba.com/headshots/nba/latest/260x190/1626153.png,MIL,55.0,Guard,77,185,Utah,USA
Guerschon Yabusele,https://cdn.nba.com/headshots/nba/latest/260x190/1627824.png,PHI,28.0,Forward,80,265,"Rouen, France",France
Cui Yongxi,https://cdn.nba.com/headshots/nba/latest/260x190/1642385.png,,,Forward,77,190,Guangzhou Loong Lions,China
Trae Young,https://cdn.nba.com/headshots/nba/latest/260x190/1629027.png,ATL,11.0,Guard,73,164,Oklahoma,USA
Cody Zeller,https://cdn.nba.com/headshots/nba/latest/260x190/203469.png,ATL,40.0,Forward-Center,83,240,Indiana,USA
Ivica Zubac,https://cdn.nba.com/headshots/nba/latest/260x190/1627826.png,LAC,40.0,Center,84,240,Mega Basket,Croatia
